{
  "learning_rate": 0.012013375215366046,
  "depth": 8,
  "l2_leaf_reg": 9.27330963170094,
  "bagging_temperature": 0.769812216675608,
  "iterations": 100
}