{
  "learning_rate": 0.006238197136284725,
  "depth": 8,
  "l2_leaf_reg": 9.690688297671034,
  "bagging_temperature": 0.8083973481164611,
  "iterations": 100
}